{
	"info": {
		"_postman_id": "39bb461c-6885-476d-81c3-91f17567987b",
		"name": "Petstore API Automation",
		"schema": "https://schema.getpostman.com/json/collection/v2.1.0/collection.json",
		"_exporter_id": "42517306"
	},
	"item": [
		{
			"name": "Add Valid Pet",
			"event": [
				{
					"listen": "test",
					"script": {
						"exec": [
							"pm.test(\"Status code is 200\", function () {",
							"    pm.response.to.have.status(200);",
							"});",
							"const jsonData = pm.response.json();",
							"pm.environment.set(\"petId\", jsonData.id);",
							"pm.test(\"Pet name is correct\", function () {",
							"    pm.expect(jsonData.name).to.eql(\"Guru\");",
							"});"
						],
						"type": "text/javascript",
						"packages": {}
					}
				}
			],
			"request": {
				"method": "POST",
				"header": [
					{
						"key": "Content-Type",
						"value": "application/json"
					}
				],
				"body": {
					"mode": "raw",
					"raw": "{\n  \"id\": 12345678,\n  \"name\": \"Guru\",\n  \"photoUrls\": [\n    \"https://example.com/photo.jpg\"\n  ],\n  \"category\": {\n    \"id\": 11160318,\n    \"name\": \"laboris minim\"\n  },\n  \"tags\": [\n    {\n      \"id\": 76998725,\n      \"name\": \"cillum sunt\"\n    }\n  ],\n  \"status\": \"available\"\n}"
				},
				"url": {
					"raw": "{{baseURL}}/pet",
					"host": [
						"{{baseURL}}"
					],
					"path": [
						"pet"
					]
				}
			},
			"response": []
		},
		{
			"name": "Add Pet with String ID",
			"event": [
				{
					"listen": "test",
					"script": {
						"exec": [
							"pm.test(\"Should fail with string as ID\", function () {",
							"    pm.expect(pm.response.code).to.be.oneOf([400, 500]);",
							"});"
						],
						"type": "text/javascript",
						"packages": {}
					}
				}
			],
			"request": {
				"method": "POST",
				"header": [
					{
						"key": "Content-Type",
						"value": "application/json"
					}
				],
				"body": {
					"mode": "raw",
					"raw": "{\n  \"id\": \"abc\",\n  \"name\": \"BadIDPet\",\n  \"photoUrls\": [\n    \"https://example.com/pet.jpg\"\n  ],\n  \"status\": \"available\"\n}"
				},
				"url": {
					"raw": "{{baseURL}}/pet",
					"host": [
						"{{baseURL}}"
					],
					"path": [
						"pet"
					]
				}
			},
			"response": []
		},
		{
			"name": "Get Pet by ID",
			"event": [
				{
					"listen": "test",
					"script": {
						"exec": [
							"pm.test(\"Status code is 200\", function () {",
							"    pm.response.to.have.status(200);",
							"});",
							"const jsonData = pm.response.json();",
							"pm.test(\"Pet name is correct\", function () {",
							"    pm.expect(jsonData.name).to.eql(\"Guru\");",
							"});"
						],
						"type": "text/javascript",
						"packages": {}
					}
				}
			],
			"request": {
				"method": "GET",
				"header": [],
				"url": {
					"raw": "{{baseURL}}/pet/{{petId}}",
					"host": [
						"{{baseURL}}"
					],
					"path": [
						"pet",
						"{{petId}}"
					]
				}
			},
			"response": []
		},
		{
			"name": "Get Invalid Pet by ID",
			"event": [
				{
					"listen": "test",
					"script": {
						"exec": [
							"pm.test(\"Should return 404 for non-existent pet\", function () {",
							"    pm.response.to.have.status(404);",
							"    pm.expect(pm.response.json().message).to.eql(\"Pet not found\");",
							"});"
						],
						"type": "text/javascript",
						"packages": {}
					}
				}
			],
			"request": {
				"method": "GET",
				"header": [],
				"url": {
					"raw": "{{baseURL}}/pet/999999999",
					"host": [
						"{{baseURL}}"
					],
					"path": [
						"pet",
						"999999999"
					]
				}
			},
			"response": []
		}
	]
}